filename,file_size,file_attributes,region_count,region_id,region_shape_attributes,region_attributes
images/Set1/1470_3 (2).jpg,-1,"{}",1,0,"{""name"":""rect"",""x"":138,""y"":6,""width"":197,""height"":112}","{""Age"":""25-35"",""Weight"":""normal-healthy"",""Gender"":""female"",""Economy-Class"":""middle class"",""Education"":""Educated"",""CarryingBag"":""Shopping "",""Accessories"":{""Watch"":true,""OtherJewellery"":true},""Footwear"":""Normal"",""Demeanour"":""Classy-Groomed"",""ClothingStyle"":""Classy-Fashionable"",""ImageQuality"":""Good"",""Emotion"":""Neutral"",""ClothingStyle2"":""Daily"",""BodyPose"":""Front-Frontish""}"
images/Set1/7410_3.jpg,-1,"{}",1,0,"{""name"":""rect"",""x"":57,""y"":29,""width"":59,""height"":60}","{""Age"":""35-45"",""Weight"":""normal-healthy"",""Gender"":""male"",""Economy-Class"":""lower middle class"",""Education"":""Uneducation"",""CarryingBag"":""None"",""Accessories"":{""Nothing"":true},""Footwear"":""CantSee"",""Demeanour"":""Average"",""ClothingStyle"":""Average"",""ImageQuality"":""Average"",""Emotion"":""Angry/Serious"",""ClothingStyle2"":""Daily"",""BodyPose"":""Front-Frontish""}"
images/Set1/7110_0 (2).jpg,-1,"{}",1,0,"{""name"":""rect"",""x"":129,""y"":40,""width"":167,""height"":186}","{""Age"":""35-45"",""Weight"":""slightly-overweight"",""Gender"":""male"",""Economy-Class"":""middle class"",""Education"":""Educated"",""CarryingBag"":""None"",""Accessories"":{""Watch"":true},""Footwear"":""CantSee"",""Demeanour"":""Average"",""ClothingStyle"":""Average"",""ImageQuality"":""Average"",""Emotion"":""Angry/Serious"",""ClothingStyle2"":""Formal/Business"",""BodyPose"":""Front-Frontish""}"
images/Set1/13680_5.jpg,-1,"{}",1,0,"{""name"":""rect"",""x"":108,""y"":5,""width"":59,""height"":71}","{""Age"":""25-35"",""Weight"":""normal-healthy"",""Gender"":""female"",""Economy-Class"":""upper class"",""Education"":""Educated"",""CarryingBag"":""Daily/Office/Work Bag"",""Accessories"":{""Earings"":true},""Footwear"":""Fancy"",""Demeanour"":""Classy-Groomed"",""ClothingStyle"":""Classy-Fashionable"",""ImageQuality"":""Bad"",""Emotion"":""Neutral"",""ClothingStyle2"":""Formal/Business"",""BodyPose"":""Front-Frontish""}"
images/Set1/IMG (5887).jpg,-1,"{}",1,0,"{""name"":""rect"",""x"":100,""y"":1,""width"":265,""height"":259}","{""Age"":""25-35"",""Weight"":""normal-healthy"",""Gender"":""male"",""Economy-Class"":""middle class"",""Education"":""Uneducation"",""CarryingBag"":""None"",""Accessories"":{""Nothing"":true},""Footwear"":""CantSee"",""Demeanour"":""Unkept"",""ClothingStyle"":""Average"",""ImageQuality"":""Average"",""Emotion"":""Angry/Serious"",""ClothingStyle2"":""Daily"",""BodyPose"":""Side""}"
images/Set1/8610_1 (4).jpg,-1,"{}",1,0,"{""name"":""rect"",""x"":84,""y"":2,""width"":57,""height"":56}","{""Age"":""45-55"",""Weight"":""slightly-overweight"",""Gender"":""male"",""Economy-Class"":""upper class"",""Education"":""Educated"",""CarryingBag"":""Daily/Office/Work Bag"",""Accessories"":{""Nothing"":true},""Footwear"":""Normal"",""Demeanour"":""Average"",""ClothingStyle"":""Average"",""ImageQuality"":""Average"",""Emotion"":""Neutral"",""ClothingStyle2"":""Daily"",""BodyPose"":""Front-Frontish""}"
images/Set1/IMG (5160).jpg,-1,"{}",1,0,"{""name"":""rect"",""x"":107,""y"":4,""width"":75,""height"":80}","{""Age"":""35-45"",""Weight"":""slightly-overweight"",""Gender"":""male"",""Economy-Class"":""middle class"",""Education"":""Educated"",""CarryingBag"":""None"",""Accessories"":{""Nothing"":true},""Footwear"":""CantSee"",""Demeanour"":""Average"",""ClothingStyle"":""Average"",""ImageQuality"":""Bad"",""Emotion"":""Neutral"",""ClothingStyle2"":""Daily"",""BodyPose"":""Side""}"
images/Set1/8850_0 (3).jpg,-1,"{}",1,0,"{""name"":""rect"",""x"":98,""y"":22,""width"":200,""height"":170}","{""Age"":""15-25"",""Weight"":""normal-healthy"",""Gender"":""female"",""Economy-Class"":""middle class"",""Education"":""Educated"",""CarryingBag"":""None"",""Accessories"":{""Earings"":true},""Footwear"":""CantSee"",""Demeanour"":""Average"",""ClothingStyle"":""Average"",""ImageQuality"":""Average"",""Emotion"":""Happy"",""ClothingStyle2"":""Daily"",""BodyPose"":""Front-Frontish""}"
images/Set1/11040_4 (2).jpg,-1,"{}",1,0,"{""name"":""rect"",""x"":57,""y"":76,""width"":65,""height"":68}","{""Age"":""25-35"",""Weight"":""normal-healthy"",""Gender"":""female"",""Economy-Class"":""upper class"",""Education"":""Educated"",""CarryingBag"":""Daily/Office/Work Bag"",""Accessories"":{""Nothing"":true},""Footwear"":""Fancy"",""Demeanour"":""Classy-Groomed"",""ClothingStyle"":""Classy-Fashionable"",""ImageQuality"":""Bad"",""Emotion"":""Sad"",""ClothingStyle2"":""Formal/Business"",""BodyPose"":""Front-Frontish""}"
images/Set1/82980_3.jpg,-1,"{}",1,0,"{""name"":""rect"",""x"":278,""y"":8,""width"":272,""height"":329}","{""Age"":""35-45"",""Weight"":""normal-healthy"",""Gender"":""female"",""Economy-Class"":""middle class"",""Education"":""Uneducation"",""CarryingBag"":""Grocery/Home/Plastic Bag"",""Accessories"":{""OtherJewellery"":true},""Footwear"":""CantSee"",""Demeanour"":""Unkept"",""ClothingStyle"":""Average"",""ImageQuality"":""Average"",""Emotion"":""Neutral"",""ClothingStyle2"":""Daily"",""BodyPose"":""Front-Frontish""}"
images/Set1/IMG (6874).jpg,-1,"{}",1,0,"{""name"":""rect"",""x"":67,""y"":15,""width"":120,""height"":99}","{""Age"":""Under 15"",""Weight"":""normal-healthy"",""Gender"":""female"",""Economy-Class"":""middle class"",""Education"":""Uneducation"",""CarryingBag"":""None"",""Accessories"":{""Earings"":true,""OtherJewellery"":true},""Footwear"":""Normal"",""Demeanour"":""Average"",""ClothingStyle"":""Average"",""ImageQuality"":""Average"",""Emotion"":""Neutral"",""ClothingStyle2"":""Daily"",""BodyPose"":""Side""}"
images/Set1/IMG (4515).jpg,-1,"{}",1,0,"{""name"":""rect"",""x"":59,""y"":37,""width"":79,""height"":88}","{""Age"":""35-45"",""Weight"":""slightly-overweight"",""Gender"":""female"",""Economy-Class"":""middle class"",""Education"":""Educated"",""CarryingBag"":""None"",""Accessories"":{""OtherJewellery"":true},""Footwear"":""CantSee"",""Demeanour"":""Average"",""ClothingStyle"":""Average"",""ImageQuality"":""Bad"",""Emotion"":""Neutral"",""ClothingStyle2"":""Daily"",""BodyPose"":""Side""}"
images/Set1/IMG (3267).jpg,-1,"{}",1,0,"{""name"":""rect"",""x"":72,""y"":21,""width"":73,""height"":95}","{""Age"":""25-35"",""Weight"":""normal-healthy"",""Gender"":""female"",""Economy-Class"":""upper class"",""Education"":""Educated"",""CarryingBag"":""Shopping "",""Accessories"":{""Nothing"":true},""Footwear"":""Fancy"",""Demeanour"":""Average"",""ClothingStyle"":""Average"",""ImageQuality"":""Average"",""Emotion"":""Neutral"",""ClothingStyle2"":""Daily"",""BodyPose"":""Side""}"
images/Set1/21330_0.jpg,-1,"{}",1,0,"{""name"":""rect"",""x"":102,""y"":1,""width"":67,""height"":9}","{""Age"":""35-45"",""Weight"":""over-weight"",""Gender"":""female"",""Economy-Class"":""middle class"",""Education"":""Uneducation"",""CarryingBag"":""None"",""Accessories"":{""Nothing"":true},""Footwear"":""Normal"",""Demeanour"":""Unkept"",""ClothingStyle"":""Below Average"",""ImageQuality"":""Bad"",""Emotion"":""Neutral"",""ClothingStyle2"":""Daily"",""BodyPose"":""Side""}"
images/Set1/13260_4 (2).jpg,-1,"{}",1,0,"{""name"":""rect"",""x"":115,""y"":9,""width"":141,""height"":137}","{""Age"":""25-35"",""Weight"":""slightly-overweight"",""Gender"":""female"",""Economy-Class"":""upper class"",""Education"":""Educated"",""CarryingBag"":""Shopping "",""Accessories"":{""OtherJewellery"":true},""Footwear"":""CantSee"",""Demeanour"":""Classy-Groomed"",""ClothingStyle"":""Classy-Fashionable"",""ImageQuality"":""Average"",""Emotion"":""Neutral"",""ClothingStyle2"":""Daily"",""BodyPose"":""Back""}"
images/Set1/IMG (1106).jpg,-1,"{}",1,0,"{""name"":""rect"",""x"":64,""y"":4,""width"":75,""height"":57}","{""Age"":""35-45"",""Weight"":""normal-healthy"",""Gender"":""male"",""Economy-Class"":""lower middle class"",""Education"":""Uneducation"",""CarryingBag"":""None"",""Accessories"":{""Nothing"":true},""Footwear"":""Normal"",""Demeanour"":""Unkept"",""ClothingStyle"":""Below Average"",""ImageQuality"":""Average"",""Emotion"":""Neutral"",""ClothingStyle2"":""Daily"",""BodyPose"":""Back""}"
images/Set1/IMG (7274).jpg,-1,"{}",1,0,"{""name"":""rect"",""x"":93,""y"":1,""width"":82,""height"":108}","{""Age"":""35-45"",""Weight"":""normal-healthy"",""Gender"":""male"",""Economy-Class"":""middle class"",""Education"":""Uneducation"",""CarryingBag"":""None"",""Accessories"":{""OtherJewellery"":true},""Footwear"":""CantSee"",""Demeanour"":""Average"",""ClothingStyle"":""Average"",""ImageQuality"":""Average"",""Emotion"":""Angry/Serious"",""ClothingStyle2"":""Daily"",""BodyPose"":""Front-Frontish""}"
images/Set1/IMG (8345).jpg,-1,"{}",1,0,"{""name"":""rect"",""x"":36,""y"":6,""width"":72,""height"":89}","{""Age"":""55+"",""Weight"":""normal-healthy"",""Gender"":""male"",""Economy-Class"":""middle class"",""Education"":""Educated"",""CarryingBag"":""None"",""Accessories"":{""Nothing"":true},""Footwear"":""Normal"",""Demeanour"":""Average"",""ClothingStyle"":""Average"",""ImageQuality"":""Average"",""Emotion"":""Sad"",""ClothingStyle2"":""Formal/Business"",""BodyPose"":""Front-Frontish""}"
images/Set1/8850_1 (2).jpg,-1,"{}",1,0,"{""name"":""rect"",""x"":92,""y"":20,""width"":118,""height"":124}","{""Age"":""55+"",""Weight"":""normal-healthy"",""Gender"":""male"",""Economy-Class"":""middle class"",""Education"":""Educated"",""CarryingBag"":""None"",""Accessories"":{""Watch"":true},""Footwear"":""Normal"",""Demeanour"":""Average"",""ClothingStyle"":""Average"",""ImageQuality"":""Bad"",""Emotion"":""Sad"",""ClothingStyle2"":""Formal/Business"",""BodyPose"":""Front-Frontish""}"
images/Set1/3330_1 (6).jpg,-1,"{}",1,0,"{""name"":""rect"",""x"":63,""y"":1,""width"":98,""height"":87}","{""Age"":""35-45"",""Weight"":""normal-healthy"",""Gender"":""female"",""Economy-Class"":""middle class"",""Education"":""Educated"",""CarryingBag"":""Grocery/Home/Plastic Bag"",""Accessories"":{""Earings"":true,""Sunglasses"":true},""Footwear"":""Normal"",""Demeanour"":""Classy-Groomed"",""ClothingStyle"":""Classy-Fashionable"",""ImageQuality"":""Average"",""Emotion"":""Sad"",""ClothingStyle2"":""Daily"",""BodyPose"":""Front-Frontish""}"
images/Set1/17130_1 (2).jpg,-1,"{}",1,0,"{""name"":""rect"",""x"":56,""y"":3,""width"":59,""height"":69}","{""Age"":""25-35"",""Weight"":""normal-healthy"",""Gender"":""male"",""Economy-Class"":""middle class"",""Education"":""Uneducation"",""CarryingBag"":""Grocery/Home/Plastic Bag"",""Accessories"":{""Nothing"":true},""Footwear"":""Normal"",""Demeanour"":""Average"",""ClothingStyle"":""Average"",""ImageQuality"":""Average"",""Emotion"":""Angry/Serious"",""ClothingStyle2"":""Daily"",""BodyPose"":""Front-Frontish""}"
images/Set1/15510_2 (2).jpg,-1,"{}",1,0,"{""name"":""rect"",""x"":123,""y"":3,""width"":167,""height"":228}","{""Age"":""25-35"",""Weight"":""normal-healthy"",""Gender"":""male"",""Economy-Class"":""middle class"",""Education"":""Educated"",""CarryingBag"":""None"",""Accessories"":{""Nothing"":true},""Footwear"":""CantSee"",""Demeanour"":""Average"",""ClothingStyle"":""Average"",""ImageQuality"":""Bad"",""Emotion"":""Neutral"",""ClothingStyle2"":""Daily"",""BodyPose"":""Front-Frontish""}"
images/Set1/7380_6.jpg,-1,"{}",1,0,"{""name"":""rect"",""x"":52,""y"":3,""width"":135,""height"":75}","{""Age"":""25-35"",""Weight"":""normal-healthy"",""Gender"":""female"",""Economy-Class"":""upper class"",""Education"":""Educated"",""CarryingBag"":""None"",""Accessories"":{""Watch"":true},""Footwear"":""Fancy"",""Demeanour"":""Classy-Groomed"",""ClothingStyle"":""Classy-Fashionable"",""ImageQuality"":""Average"",""Emotion"":""Neutral"",""ClothingStyle2"":""Formal/Business"",""BodyPose"":""Back""}"
images/Set1/14550_0 (2).jpg,-1,"{}",1,0,"{""name"":""rect"",""x"":50,""y"":5,""width"":69,""height"":70}","{""Age"":""55+"",""Weight"":""normal-healthy"",""Gender"":""male"",""Economy-Class"":""middle class"",""Education"":""Educated"",""CarryingBag"":""None"",""Accessories"":{""Sunglasses"":true},""Footwear"":""Normal"",""Demeanour"":""Average"",""ClothingStyle"":""Average"",""ImageQuality"":""Average"",""Emotion"":""Happy"",""ClothingStyle2"":""Daily"",""BodyPose"":""Front-Frontish""}"
images/Set1/21240_2 (4).jpg,-1,"{}",1,0,"{""name"":""rect"",""x"":156,""y"":8,""width"":176,""height"":182}","{""Age"":""35-45"",""Weight"":""normal-healthy"",""Gender"":""female"",""Economy-Class"":""middle class"",""Education"":""Educated"",""CarryingBag"":""Grocery/Home/Plastic Bag"",""Accessories"":{""OtherJewellery"":true,""Earings"":true,""Watch"":true},""Footwear"":""Fancy"",""Demeanour"":""Average"",""ClothingStyle"":""Average"",""ImageQuality"":""Average"",""Emotion"":""Sad"",""ClothingStyle2"":""Daily"",""BodyPose"":""Front-Frontish""}"
images/Set1/IMG (2323).jpg,-1,"{}",1,0,"{""name"":""rect"",""x"":74,""y"":9,""width"":91,""height"":112}","{""Age"":""45-55"",""Weight"":""normal-healthy"",""Gender"":""male"",""Economy-Class"":""lower middle class"",""Education"":""Uneducation"",""CarryingBag"":""None"",""Accessories"":{""Nothing"":true},""Footwear"":""Normal"",""Demeanour"":""Average"",""ClothingStyle"":""Average"",""ImageQuality"":""Average"",""Emotion"":""Neutral"",""ClothingStyle2"":""Daily"",""BodyPose"":""Side""}"
images/Set1/16350_0 (3).jpg,-1,"{}",1,0,"{""name"":""rect"",""x"":163,""y"":65,""width"":100,""height"":159}","{""Age"":""35-45"",""Weight"":""normal-healthy"",""Gender"":""male"",""Economy-Class"":""middle class"",""Education"":""Educated"",""CarryingBag"":""None"",""Accessories"":{""Nothing"":true},""Footwear"":""Normal"",""Demeanour"":""Average"",""ClothingStyle"":""Average"",""ImageQuality"":""Bad"",""Emotion"":""Neutral"",""ClothingStyle2"":""Daily"",""BodyPose"":""Front-Frontish""}"
images/Set1/27600_2.jpg,-1,"{}",1,0,"{""name"":""rect"",""x"":37,""y"":3,""width"":44,""height"":58}","{""Age"":""25-35"",""Weight"":""normal-healthy"",""Gender"":""female"",""Economy-Class"":""middle class"",""Education"":""Educated"",""CarryingBag"":""Daily/Office/Work Bag"",""Accessories"":{""Nothing"":true},""Footwear"":""Normal"",""Demeanour"":""Average"",""ClothingStyle"":""Average"",""ImageQuality"":""Bad"",""Emotion"":""Neutral"",""ClothingStyle2"":""Daily"",""BodyPose"":""Front-Frontish""}"
images/Set1/2250_1 (4).jpg,-1,"{}",1,0,"{""name"":""rect"",""x"":29,""y"":3,""width"":60,""height"":76}","{""Age"":""15-25"",""Weight"":""normal-healthy"",""Gender"":""male"",""Economy-Class"":""middle class"",""Education"":""Educated"",""CarryingBag"":""Grocery/Home/Plastic Bag"",""Accessories"":{""Watch"":true},""Footwear"":""Normal"",""Demeanour"":""Average"",""ClothingStyle"":""Average"",""ImageQuality"":""Average"",""Emotion"":""Neutral"",""ClothingStyle2"":""Daily"",""BodyPose"":""Front-Frontish""}"
images/Set1/70200_3.jpg,-1,"{}",1,0,"{""name"":""rect"",""x"":18,""y"":13,""width"":65,""height"":51}","{""Age"":""25-35"",""Weight"":""normal-healthy"",""Gender"":""female"",""Economy-Class"":""middle class"",""Education"":""Educated"",""CarryingBag"":""None"",""Accessories"":{""Watch"":true},""Footwear"":""CantSee"",""Demeanour"":""Average"",""ClothingStyle"":""Average"",""ImageQuality"":""Bad"",""Emotion"":""Neutral"",""ClothingStyle2"":""Daily"",""BodyPose"":""Side""}"
images/Set1/IMG (5425).jpg,-1,"{}",1,0,"{""name"":""rect"",""x"":51,""y"":2,""width"":93,""height"":70}","{""Age"":""45-55"",""Weight"":""normal-healthy"",""Gender"":""male"",""Economy-Class"":""middle class"",""Education"":""Educated"",""CarryingBag"":""None"",""Accessories"":{""Watch"":true},""Footwear"":""CantSee"",""Demeanour"":""Average"",""ClothingStyle"":""Average"",""ImageQuality"":""Average"",""Emotion"":""Neutral"",""ClothingStyle2"":""Formal/Business"",""BodyPose"":""Back""}"
images/Set1/IMG (7934).jpg,-1,"{}",1,0,"{""name"":""rect"",""x"":53,""y"":2,""width"":115,""height"":121}","{""Age"":""35-45"",""Weight"":""slightly-overweight"",""Gender"":""male"",""Economy-Class"":""middle class"",""Education"":""Uneducation"",""CarryingBag"":""None"",""Accessories"":{""Nothing"":true},""Footwear"":""Normal"",""Demeanour"":""Average"",""ClothingStyle"":""Average"",""ImageQuality"":""Average"",""Emotion"":""Neutral"",""ClothingStyle2"":""Ethnic"",""BodyPose"":""Front-Frontish""}"
images/Set1/IMG (3169).jpg,-1,"{}",1,0,"{""name"":""rect"",""x"":46,""y"":0,""width"":59,""height"":64}","{""Age"":""25-35"",""Weight"":""normal-healthy"",""Gender"":""male"",""Economy-Class"":""middle class"",""Education"":""Educated"",""CarryingBag"":""None"",""Accessories"":{""Nothing"":true},""Footwear"":""Normal"",""Demeanour"":""Average"",""ClothingStyle"":""Average"",""ImageQuality"":""Bad"",""Emotion"":""Neutral"",""ClothingStyle2"":""Daily"",""BodyPose"":""Side""}"
images/Set1/23160_3.jpg,-1,"{}",1,0,"{""name"":""rect"",""x"":48,""y"":9,""width"":66,""height"":80}","{""Age"":""25-35"",""Weight"":""normal-healthy"",""Gender"":""male"",""Economy-Class"":""middle class"",""Education"":""Uneducation"",""CarryingBag"":""None"",""Accessories"":{""OtherJewellery"":true},""Footwear"":""CantSee"",""Demeanour"":""Average"",""ClothingStyle"":""Average"",""ImageQuality"":""Average"",""Emotion"":""Angry/Serious"",""ClothingStyle2"":""Daily"",""BodyPose"":""Front-Frontish""}"
images/Set1/IMG (7375).jpg,-1,"{}",1,0,"{""name"":""rect"",""x"":44,""y"":3,""width"":139,""height"":133}","{""Age"":""35-45"",""Weight"":""over-weight"",""Gender"":""male"",""Economy-Class"":""middle class"",""Education"":""Educated"",""CarryingBag"":""Daily/Office/Work Bag"",""Accessories"":{""Nothing"":true},""Footwear"":""CantSee"",""Demeanour"":""Unkept"",""ClothingStyle"":""Average"",""ImageQuality"":""Average"",""Emotion"":""Angry/Serious"",""ClothingStyle2"":""Daily"",""BodyPose"":""Side""}"
images/Set1/8340_0 (3).jpg,-1,"{}",1,0,"{""name"":""rect"",""x"":55,""y"":3,""width"":79,""height"":85}","{""Age"":""55+"",""Weight"":""slightly-overweight"",""Gender"":""male"",""Economy-Class"":""middle class"",""Education"":""Educated"",""CarryingBag"":""None"",""Accessories"":{""Nothing"":true},""Footwear"":""Normal"",""Demeanour"":""Average"",""ClothingStyle"":""Average"",""ImageQuality"":""Average"",""Emotion"":""Angry/Serious"",""ClothingStyle2"":""Daily"",""BodyPose"":""Side""}"
images/Set1/2490_1 (9).jpg,-1,"{}",1,0,"{""name"":""rect"",""x"":66,""y"":2,""width"":87,""height"":75}","{""Age"":""25-35"",""Weight"":""normal-healthy"",""Gender"":""female"",""Economy-Class"":""middle class"",""Education"":""Educated"",""CarryingBag"":""Daily/Office/Work Bag"",""Accessories"":{""Nothing"":true},""Footwear"":""Normal"",""Demeanour"":""Average"",""ClothingStyle"":""Average"",""ImageQuality"":""Bad"",""Emotion"":""Neutral"",""ClothingStyle2"":""Daily"",""BodyPose"":""Back""}"
images/Set1/15030_1 (2).jpg,-1,"{}",1,0,"{""name"":""rect"",""x"":124,""y"":3,""width"":99,""height"":85}","{""Age"":""25-35"",""Weight"":""normal-healthy"",""Gender"":""female"",""Economy-Class"":""middle class"",""Education"":""Educated"",""CarryingBag"":""Daily/Office/Work Bag"",""Accessories"":{""Nothing"":true},""Footwear"":""Normal"",""Demeanour"":""Average"",""ClothingStyle"":""Average"",""ImageQuality"":""Bad"",""Emotion"":""Neutral"",""ClothingStyle2"":""Daily"",""BodyPose"":""Side""}"
images/Set1/IMG (6302).jpg,-1,"{}",1,0,"{""name"":""rect"",""x"":250,""y"":2,""width"":179,""height"":227}","{""Age"":""25-35"",""Weight"":""normal-healthy"",""Gender"":""male"",""Economy-Class"":""middle class"",""Education"":""Educated"",""CarryingBag"":""None"",""Accessories"":{""Nothing"":true},""Footwear"":""CantSee"",""Demeanour"":""Classy-Groomed"",""ClothingStyle"":""Average"",""ImageQuality"":""Bad"",""Emotion"":""Neutral"",""ClothingStyle2"":""Formal/Business"",""BodyPose"":""Front-Frontish""}"
images/Set1/2820_0 (7).jpg,-1,"{}",1,0,"{""name"":""rect"",""x"":251,""y"":2,""width"":203,""height"":186}","{""Age"":""25-35"",""Weight"":""normal-healthy"",""Gender"":""male"",""Economy-Class"":""middle class"",""Education"":""Educated"",""CarryingBag"":""None"",""Accessories"":{""Watch"":true},""Footwear"":""CantSee"",""Demeanour"":""Average"",""ClothingStyle"":""Average"",""ImageQuality"":""Bad"",""Emotion"":""Angry/Serious"",""ClothingStyle2"":""Daily"",""BodyPose"":""Front-Frontish""}"
images/Set1/IMG (6819).jpg,-1,"{}",1,0,"{""name"":""rect"",""x"":102,""y"":7,""width"":162,""height"":186}","{""Age"":""45-55"",""Weight"":""slightly-overweight"",""Gender"":""male"",""Economy-Class"":""middle class"",""Education"":""Educated"",""CarryingBag"":""None"",""Accessories"":{""Nothing"":true},""Footwear"":""Normal"",""Demeanour"":""Average"",""ClothingStyle"":""Average"",""ImageQuality"":""Average"",""Emotion"":""Angry/Serious"",""ClothingStyle2"":""Formal/Business"",""BodyPose"":""Front-Frontish""}"
images/Set1/21990_2 (3).jpg,-1,"{}",1,0,"{""name"":""rect"",""x"":62,""y"":9,""width"":59,""height"":62}","{""Age"":""55+"",""Weight"":""normal-healthy"",""Gender"":""male"",""Economy-Class"":""middle class"",""Education"":""Educated"",""CarryingBag"":""None"",""Accessories"":{""Nothing"":true},""Footwear"":""CantSee"",""Demeanour"":""Average"",""ClothingStyle"":""Average"",""ImageQuality"":""Bad"",""Emotion"":""Angry/Serious"",""ClothingStyle2"":""Formal/Business"",""BodyPose"":""Side""}"
images/Set1/11880_0 (2).jpg,-1,"{}",1,0,"{""name"":""rect"",""x"":97,""y"":14,""width"":88,""height"":81}","{""Age"":""45-55"",""Weight"":""over-weight"",""Gender"":""female"",""Economy-Class"":""middle class"",""Education"":""Educated"",""CarryingBag"":""Daily/Office/Work Bag"",""Accessories"":{""Nothing"":true},""Footwear"":""Normal"",""Demeanour"":""Average"",""ClothingStyle"":""Average"",""ImageQuality"":""Bad"",""Emotion"":""Neutral"",""ClothingStyle2"":""Daily"",""BodyPose"":""Back""}"
images/Set1/7380_3 (2).jpg,-1,"{}",1,0,"{""name"":""rect"",""x"":151,""y"":5,""width"":165,""height"":173}","{""Age"":""25-35"",""Weight"":""normal-healthy"",""Gender"":""male"",""Economy-Class"":""lower middle class"",""Education"":""Uneducation"",""CarryingBag"":""None"",""Accessories"":{""OtherJewellery"":true},""Footwear"":""CantSee"",""Demeanour"":""Unkept"",""ClothingStyle"":""Average"",""ImageQuality"":""Average"",""Emotion"":""Angry/Serious"",""ClothingStyle2"":""Daily"",""BodyPose"":""Side""}"
images/Set1/IMG (3763).jpg,-1,"{}",1,0,"{""name"":""rect"",""x"":23,""y"":2,""width"":60,""height"":47}","{""Age"":""25-35"",""Weight"":""normal-healthy"",""Gender"":""male"",""Economy-Class"":""middle class"",""Education"":""Uneducation"",""CarryingBag"":""None"",""Accessories"":{""Cap"":true},""Footwear"":""Normal"",""Demeanour"":""Average"",""ClothingStyle"":""Average"",""ImageQuality"":""Bad"",""Emotion"":""Neutral"",""ClothingStyle2"":""Daily"",""BodyPose"":""Back""}"
images/Set1/1830_3 (2).jpg,-1,"{}",1,0,"{""name"":""rect"",""x"":38,""y"":2,""width"":166,""height"":53}","{""Age"":""25-35"",""Weight"":""normal-healthy"",""Gender"":""female"",""Economy-Class"":""middle class"",""Education"":""Educated"",""CarryingBag"":""Daily/Office/Work Bag"",""Accessories"":{""Nothing"":true},""Footwear"":""Normal"",""Demeanour"":""Average"",""ClothingStyle"":""Average"",""ImageQuality"":""Bad"",""Emotion"":""Neutral"",""ClothingStyle2"":""Daily"",""BodyPose"":""Front-Frontish""}"
images/Set1/IMG (5161).jpg,-1,"{}",1,0,"{""name"":""rect"",""x"":64,""y"":12,""width"":59,""height"":66}","{""Age"":""45-55"",""Weight"":""slightly-overweight"",""Gender"":""male"",""Economy-Class"":""middle class"",""Education"":""Educated"",""CarryingBag"":""None"",""Accessories"":{""Nothing"":true},""Footwear"":""CantSee"",""Demeanour"":""Average"",""ClothingStyle"":""Average"",""ImageQuality"":""Average"",""Emotion"":""Angry/Serious"",""ClothingStyle2"":""Formal/Business"",""BodyPose"":""Side""}"
images/Set1/29970_1 (2).jpg,-1,"{}",1,0,"{""name"":""rect"",""x"":66,""y"":6,""width"":127,""height"":116}","{""Age"":""45-55"",""Weight"":""normal-healthy"",""Gender"":""male"",""Economy-Class"":""middle class"",""Education"":""Uneducation"",""CarryingBag"":""None"",""Accessories"":{""Nothing"":true},""Footwear"":""CantSee"",""Demeanour"":""Average"",""ClothingStyle"":""Average"",""ImageQuality"":""Average"",""Emotion"":""Angry/Serious"",""ClothingStyle2"":""Daily"",""BodyPose"":""Front-Frontish""}"
images/Set1/28380_0 (2).jpg,-1,"{}",1,0,"{""name"":""rect"",""x"":177,""y"":10,""width"":213,""height"":219}","{""Age"":""45-55"",""Weight"":""slightly-overweight"",""Gender"":""male"",""Economy-Class"":""middle class"",""Education"":""Educated"",""CarryingBag"":""None"",""Accessories"":{""Nothing"":true},""Footwear"":""CantSee"",""Demeanour"":""Average"",""ClothingStyle"":""Average"",""ImageQuality"":""Average"",""Emotion"":""Angry/Serious"",""ClothingStyle2"":""Daily"",""BodyPose"":""Front-Frontish""}"
images/Set1/IMG (6079).jpg,-1,"{}",1,0,"{""name"":""rect"",""x"":116,""y"":19,""width"":188,""height"":132}","{""Age"":""25-35"",""Weight"":""normal-healthy"",""Gender"":""male"",""Economy-Class"":""middle class"",""Education"":""Educated"",""CarryingBag"":""None"",""Accessories"":{""OtherJewellery"":true},""Footwear"":""CantSee"",""Demeanour"":""Average"",""ClothingStyle"":""Average"",""ImageQuality"":""Average"",""Emotion"":""Neutral"",""ClothingStyle2"":""Daily"",""BodyPose"":""Back""}"
images/Set1/11520_1 (2).jpg,-1,"{}",1,0,"{""name"":""rect"",""x"":57,""y"":3,""width"":140,""height"":137}","{""Age"":""25-35"",""Weight"":""normal-healthy"",""Gender"":""female"",""Economy-Class"":""middle class"",""Education"":""Educated"",""CarryingBag"":""Daily/Office/Work Bag"",""Accessories"":{""Watch"":true},""Footwear"":""Fancy"",""Demeanour"":""Average"",""ClothingStyle"":""Average"",""ImageQuality"":""Good"",""Emotion"":""Neutral"",""ClothingStyle2"":""Daily"",""BodyPose"":""Front-Frontish""}"
images/Set1/1290_7.jpg,-1,"{}",1,0,"{""name"":""rect"",""x"":42,""y"":6,""width"":56,""height"":60}","{""Age"":""35-45"",""Weight"":""normal-healthy"",""Gender"":""female"",""Economy-Class"":""middle class"",""Education"":""Educated"",""CarryingBag"":""Grocery/Home/Plastic Bag"",""Accessories"":{""Watch"":true,""OtherJewellery"":true},""Footwear"":""Normal"",""Demeanour"":""Average"",""ClothingStyle"":""Average"",""ImageQuality"":""Average"",""Emotion"":""Neutral"",""ClothingStyle2"":""Daily"",""BodyPose"":""Front-Frontish""}"
images/Set1/17820_4.jpg,-1,"{}",1,0,"{""name"":""rect"",""x"":221,""y"":71,""width"":140,""height"":171}","{""Age"":""25-35"",""Weight"":""normal-healthy"",""Gender"":""female"",""Economy-Class"":""upper class"",""Education"":""Educated"",""CarryingBag"":""Daily/Office/Work Bag"",""Accessories"":{""Sunglasses"":true},""Footwear"":""Fancy"",""Demeanour"":""Classy-Groomed"",""ClothingStyle"":""Classy-Fashionable"",""ImageQuality"":""Bad"",""Emotion"":""Neutral"",""ClothingStyle2"":""Daily"",""BodyPose"":""Side""}"
images/Set1/IMG (6345).jpg,-1,"{}",1,0,"{""name"":""rect"",""x"":97,""y"":6,""width"":204,""height"":201}","{""Age"":""25-35"",""Weight"":""normal-healthy"",""Gender"":""male"",""Economy-Class"":""lower middle class"",""Education"":""Uneducation"",""CarryingBag"":""None"",""Accessories"":{""Nothing"":true},""Footwear"":""CantSee"",""Demeanour"":""Average"",""ClothingStyle"":""Average"",""ImageQuality"":""Average"",""Emotion"":""Angry/Serious"",""ClothingStyle2"":""Daily"",""BodyPose"":""Front-Frontish""}"
images/Set1/18240_1 (4).jpg,-1,"{}",1,0,"{""name"":""rect"",""x"":47,""y"":12,""width"":73,""height"":70}","{""Age"":""25-35"",""Weight"":""normal-healthy"",""Gender"":""female"",""Economy-Class"":""middle class"",""Education"":""Educated"",""CarryingBag"":""Daily/Office/Work Bag"",""Accessories"":{""Nothing"":true},""Footwear"":""Normal"",""Demeanour"":""Average"",""ClothingStyle"":""Average"",""ImageQuality"":""Bad"",""Emotion"":""Neutral"",""ClothingStyle2"":""Daily"",""BodyPose"":""Side""}"
images/Set1/IMG (751).jpg,-1,"{}",1,0,"{""name"":""rect"",""x"":27,""y"":6,""width"":98,""height"":69}","{""Age"":""45-55"",""Weight"":""slightly-overweight"",""Gender"":""male"",""Economy-Class"":""middle class"",""Education"":""Uneducation"",""CarryingBag"":""None"",""Accessories"":{""Nothing"":true},""Footwear"":""Normal"",""Demeanour"":""Average"",""ClothingStyle"":""Average"",""ImageQuality"":""Average"",""Emotion"":""Neutral"",""ClothingStyle2"":""Daily"",""BodyPose"":""Back""}"
images/Set1/2490_1 (3).jpg,-1,"{}",1,0,"{""name"":""rect"",""x"":29,""y"":0,""width"":152,""height"":122}","{""Age"":""25-35"",""Weight"":""normal-healthy"",""Gender"":""male"",""Economy-Class"":""middle class"",""Education"":""Educated"",""CarryingBag"":""None"",""Accessories"":{""Watch"":true,""OtherJewellery"":true},""Footwear"":""Normal"",""Demeanour"":""Average"",""ClothingStyle"":""Average"",""ImageQuality"":""Average"",""Emotion"":""Angry/Serious"",""ClothingStyle2"":""Daily"",""BodyPose"":""Front-Frontish""}"
images/Set1/14580_0 (2).jpg,-1,"{}",1,0,"{""name"":""rect"",""x"":238,""y"":0,""width"":166,""height"":159}","{""Age"":""45-55"",""Weight"":""over-weight"",""Gender"":""male"",""Economy-Class"":""upper class"",""Education"":""Educated"",""CarryingBag"":""None"",""Accessories"":{""Nothing"":true},""Footwear"":""Normal"",""Demeanour"":""Classy-Groomed"",""ClothingStyle"":""Average"",""ImageQuality"":""Average"",""Emotion"":""Angry/Serious"",""ClothingStyle2"":""Formal/Business"",""BodyPose"":""Side""}"
images/Set1/10500_7.jpg,-1,"{}",1,0,"{""name"":""rect"",""x"":35,""y"":6,""width"":111,""height"":87}","{""Age"":""25-35"",""Weight"":""normal-healthy"",""Gender"":""female"",""Economy-Class"":""middle class"",""Education"":""Educated"",""CarryingBag"":""Daily/Office/Work Bag"",""Accessories"":{""Nothing"":true},""Footwear"":""Normal"",""Demeanour"":""Average"",""ClothingStyle"":""Average"",""ImageQuality"":""Average"",""Emotion"":""Neutral"",""ClothingStyle2"":""Ethnic"",""BodyPose"":""Back""}"
images/Set1/198660_1.jpg,-1,"{}",1,0,"{""name"":""rect"",""x"":35,""y"":1,""width"":42,""height"":46}","{""Age"":""25-35"",""Weight"":""normal-healthy"",""Gender"":""male"",""Economy-Class"":""lower middle class"",""Education"":""Uneducation"",""CarryingBag"":""None"",""Accessories"":{""Nothing"":true},""Footwear"":""Normal"",""Demeanour"":""Unkept"",""ClothingStyle"":""Below Average"",""ImageQuality"":""Average"",""Emotion"":""Angry/Serious"",""ClothingStyle2"":""Daily"",""BodyPose"":""Front-Frontish""}"
images/Set1/IMG (5554).jpg,-1,"{}",1,0,"{""name"":""rect"",""x"":132,""y"":15,""width"":253,""height"":235}","{""Age"":""45-55"",""Weight"":""slightly-overweight"",""Gender"":""female"",""Economy-Class"":""upper class"",""Education"":""Educated"",""CarryingBag"":""Daily/Office/Work Bag"",""Accessories"":{""OtherJewellery"":true,""Earings"":true},""Footwear"":""CantSee"",""Demeanour"":""Average"",""ClothingStyle"":""Average"",""ImageQuality"":""Good"",""Emotion"":""Neutral"",""ClothingStyle2"":""Daily"",""BodyPose"":""Front-Frontish""}"
images/Set1/23730_0 (2).jpg,-1,"{}",1,0,"{""name"":""rect"",""x"":198,""y"":31,""width"":217,""height"":215}","{""Age"":""35-45"",""Weight"":""slightly-overweight"",""Gender"":""male"",""Economy-Class"":""middle class"",""Education"":""Educated"",""CarryingBag"":""Grocery/Home/Plastic Bag"",""Accessories"":{""Nothing"":true},""Footwear"":""CantSee"",""Demeanour"":""Average"",""ClothingStyle"":""Average"",""ImageQuality"":""Bad"",""Emotion"":""Sad"",""ClothingStyle2"":""Formal/Business"",""BodyPose"":""Front-Frontish""}"
images/Set1/11610_1 (4).jpg,-1,"{}",1,0,"{""name"":""rect"",""x"":32,""y"":8,""width"":63,""height"":73}","{""Age"":""15-25"",""Weight"":""normal-healthy"",""Gender"":""female"",""Economy-Class"":""upper class"",""Education"":""Educated"",""CarryingBag"":""Daily/Office/Work Bag"",""Accessories"":{""Nothing"":true},""Footwear"":""Normal"",""Demeanour"":""Classy-Groomed"",""ClothingStyle"":""Classy-Fashionable"",""ImageQuality"":""Average"",""Emotion"":""Sad"",""ClothingStyle2"":""Daily"",""BodyPose"":""Front-Frontish""}"
images/Set1/9120_2 (2).jpg,-1,"{}",1,0,"{""name"":""rect"",""x"":55,""y"":8,""width"":84,""height"":71}","{""Age"":""35-45"",""Weight"":""normal-healthy"",""Gender"":""male"",""Economy-Class"":""middle class"",""Education"":""Uneducation"",""CarryingBag"":""None"",""Accessories"":{""Nothing"":true},""Footwear"":""Normal"",""Demeanour"":""Average"",""ClothingStyle"":""Average"",""ImageQuality"":""Average"",""Emotion"":""Angry/Serious"",""ClothingStyle2"":""Daily"",""BodyPose"":""Front-Frontish""}"
images/Set1/IMG (1877).jpg,-1,"{}",1,0,"{""name"":""rect"",""x"":37,""y"":3,""width"":41,""height"":43}","{""Age"":""35-45"",""Weight"":""normal-healthy"",""Gender"":""male"",""Economy-Class"":""middle class"",""Education"":""Educated"",""CarryingBag"":""Grocery/Home/Plastic Bag"",""Accessories"":{""Watch"":true},""Footwear"":""Normal"",""Demeanour"":""Average"",""ClothingStyle"":""Average"",""ImageQuality"":""Average"",""Emotion"":""Happy"",""ClothingStyle2"":""Daily"",""BodyPose"":""Front-Frontish""}"
images/Set1/10710_0 (3).jpg,-1,"{}",1,0,"{""name"":""rect"",""x"":50,""y"":4,""width"":104,""height"":78}","{""Age"":""25-35"",""Weight"":""slightly-overweight"",""Gender"":""female"",""Economy-Class"":""middle class"",""Education"":""Educated"",""CarryingBag"":""Shopping "",""Accessories"":{""Watch"":true},""Footwear"":""Fancy"",""Demeanour"":""Average"",""ClothingStyle"":""Average"",""ImageQuality"":""Average"",""Emotion"":""Neutral"",""ClothingStyle2"":""Daily"",""BodyPose"":""Side""}"
images/Set1/15090_4.jpg,-1,"{}",1,0,"{""name"":""rect"",""x"":39,""y"":2,""width"":50,""height"":47}","{""Age"":""25-35"",""Weight"":""normal-healthy"",""Gender"":""male"",""Economy-Class"":""upper class"",""Education"":""Educated"",""CarryingBag"":""None"",""Accessories"":{""Watch"":true},""Footwear"":""Normal"",""Demeanour"":""Average"",""ClothingStyle"":""Average"",""ImageQuality"":""Average"",""Emotion"":""Neutral"",""ClothingStyle2"":""Daily"",""BodyPose"":""Front-Frontish""}"
images/Set1/4290_0 (6).jpg,-1,"{}",1,0,"{""name"":""rect"",""x"":24,""y"":2,""width"":60,""height"":57}","{""Age"":""35-45"",""Weight"":""over-weight"",""Gender"":""female"",""Economy-Class"":""middle class"",""Education"":""Educated"",""CarryingBag"":""Daily/Office/Work Bag"",""Accessories"":{""Watch"":true,""Earings"":true},""Footwear"":""Normal"",""Demeanour"":""Average"",""ClothingStyle"":""Average"",""ImageQuality"":""Bad"",""Emotion"":""Neutral"",""ClothingStyle2"":""Daily"",""BodyPose"":""Front-Frontish""}"
images/Set1/7770_0 (7).jpg,-1,"{}",1,0,"{""name"":""rect"",""x"":303,""y"":0,""width"":362,""height"":145}","{""Age"":""25-35"",""Weight"":""slightly-overweight"",""Gender"":""female"",""Economy-Class"":""upper class"",""Education"":""Educated"",""CarryingBag"":""None"",""Accessories"":{""Watch"":true},""Footwear"":""Fancy"",""Demeanour"":""Average"",""ClothingStyle"":""Average"",""ImageQuality"":""Bad"",""Emotion"":""Neutral"",""ClothingStyle2"":""Daily"",""BodyPose"":""Front-Frontish""}"
images/Set1/15150_0 (2).jpg,-1,"{}",1,0,"{""name"":""rect"",""x"":102,""y"":0,""width"":146,""height"":108}","{""Age"":""25-35"",""Weight"":""normal-healthy"",""Gender"":""female"",""Economy-Class"":""middle class"",""Education"":""Educated"",""CarryingBag"":""Daily/Office/Work Bag"",""Accessories"":{""Nothing"":true},""Footwear"":""Normal"",""Demeanour"":""Average"",""ClothingStyle"":""Classy-Fashionable"",""ImageQuality"":""Average"",""Emotion"":""Neutral"",""ClothingStyle2"":""Daily"",""BodyPose"":""Front-Frontish""}"
images/Set1/IMG (4481).jpg,-1,"{}",1,0,"{""name"":""rect"",""x"":103,""y"":3,""width"":111,""height"":88}","{""Age"":""35-45"",""Weight"":""slightly-overweight"",""Gender"":""female"",""Economy-Class"":""middle class"",""Education"":""Educated"",""CarryingBag"":""None"",""Accessories"":{""Nothing"":true},""Footwear"":""CantSee"",""Demeanour"":""Average"",""ClothingStyle"":""Average"",""ImageQuality"":""Bad"",""Emotion"":""Neutral"",""ClothingStyle2"":""Daily"",""BodyPose"":""Back""}"
images/Set1/15000_6.jpg,-1,"{}",1,0,"{""name"":""rect"",""x"":227,""y"":109,""width"":185,""height"":196}","{""Age"":""25-35"",""Weight"":""normal-healthy"",""Gender"":""female"",""Economy-Class"":""middle class"",""Education"":""Educated"",""CarryingBag"":""Daily/Office/Work Bag"",""Accessories"":{""Nothing"":true},""Footwear"":""CantSee"",""Demeanour"":""Average"",""ClothingStyle"":""Average"",""ImageQuality"":""Bad"",""Emotion"":""Sad"",""ClothingStyle2"":""Daily"",""BodyPose"":""Front-Frontish""}"
images/Set1/12930_3.jpg,-1,"{}",1,0,"{""name"":""rect"",""x"":33,""y"":4,""width"":58,""height"":54}","{""Age"":""25-35"",""Weight"":""normal-healthy"",""Gender"":""male"",""Economy-Class"":""middle class"",""Education"":""Uneducation"",""CarryingBag"":""None"",""Accessories"":{""Nothing"":true},""Footwear"":""Normal"",""Demeanour"":""Average"",""ClothingStyle"":""Average"",""ImageQuality"":""Average"",""Emotion"":""Neutral"",""ClothingStyle2"":""Daily"",""BodyPose"":""Side""}"
images/Set1/IMG (142).jpg,-1,"{}",1,0,"{""name"":""rect"",""x"":63,""y"":4,""width"":84,""height"":93}","{""Age"":""35-45"",""Weight"":""normal-healthy"",""Gender"":""female"",""Economy-Class"":""middle class"",""Education"":""Educated"",""CarryingBag"":""Grocery/Home/Plastic Bag"",""Accessories"":{""OtherJewellery"":true,""Earings"":true},""Footwear"":""CantSee"",""Demeanour"":""Average"",""ClothingStyle"":""Average"",""ImageQuality"":""Average"",""Emotion"":""Angry/Serious"",""ClothingStyle2"":""Daily"",""BodyPose"":""Front-Frontish""}"
images/Set1/6000_1.jpg,-1,"{}",1,0,"{""name"":""rect"",""x"":61,""y"":6,""width"":100,""height"":21}","{""Age"":""25-35"",""Weight"":""normal-healthy"",""Gender"":""female"",""Economy-Class"":""upper class"",""Education"":""Educated"",""CarryingBag"":""None"",""Accessories"":{""Watch"":true},""Footwear"":""Normal"",""Demeanour"":""Average"",""ClothingStyle"":""Classy-Fashionable"",""ImageQuality"":""Bad"",""Emotion"":""Neutral"",""ClothingStyle2"":""Daily"",""BodyPose"":""Back""}"
images/Set1/18330_0.jpg,-1,"{}",1,0,"{""name"":""rect"",""x"":33,""y"":5,""width"":73,""height"":75}","{""Age"":""45-55"",""Weight"":""normal-healthy"",""Gender"":""male"",""Economy-Class"":""middle class"",""Education"":""Uneducation"",""CarryingBag"":""None"",""Accessories"":{""Nothing"":true},""Footwear"":""Normal"",""Demeanour"":""Unkept"",""ClothingStyle"":""Average"",""ImageQuality"":""Average"",""Emotion"":""Angry/Serious"",""ClothingStyle2"":""Daily"",""BodyPose"":""Front-Frontish""}"
images/Set1/IMG (5365).jpg,-1,"{}",1,0,"{""name"":""rect"",""x"":51,""y"":11,""width"":72,""height"":60}","{""Age"":""35-45"",""Weight"":""slightly-overweight"",""Gender"":""male"",""Economy-Class"":""middle class"",""Education"":""Educated"",""CarryingBag"":""Grocery/Home/Plastic Bag"",""Accessories"":{""Nothing"":true},""Footwear"":""Normal"",""Demeanour"":""Unkept"",""ClothingStyle"":""Average"",""ImageQuality"":""Average"",""Emotion"":""Neutral"",""ClothingStyle2"":""Daily"",""BodyPose"":""Back""}"
images/Set1/IMG (6008).jpg,-1,"{}",1,0,"{""name"":""rect"",""x"":144,""y"":62,""width"":127,""height"":127}","{""Age"":""35-45"",""Weight"":""normal-healthy"",""Gender"":""male"",""Economy-Class"":""middle class"",""Education"":""Uneducation"",""CarryingBag"":""None"",""Accessories"":{""Watch"":true,""OtherJewellery"":true},""Footwear"":""Normal"",""Demeanour"":""Average"",""ClothingStyle"":""Average"",""ImageQuality"":""Average"",""Emotion"":""Angry/Serious"",""ClothingStyle2"":""Daily"",""BodyPose"":""Front-Frontish""}"
images/Set2/21660_4.jpg,-1,"{}",1,0,"{""name"":""rect"",""x"":160,""y"":0,""width"":147,""height"":157}","{""Age"":""25-35"",""Weight"":""normal-healthy"",""Gender"":""male"",""Economy-Class"":""middle class"",""Education"":""Educated"",""CarryingBag"":""Daily/Office/Work Bag"",""Accessories"":{""Watch"":true},""Footwear"":""Fancy"",""Demeanour"":""Average"",""ClothingStyle"":""Average"",""ImageQuality"":""Average"",""Emotion"":""Angry/Serious"",""ClothingStyle2"":""Daily"",""BodyPose"":""Front-Frontish""}"
images/Set2/40920_4.jpg,-1,"{}",1,0,"{""name"":""rect"",""x"":91,""y"":4,""width"":71,""height"":53}","{""Age"":""35-45"",""Weight"":""slightly-overweight"",""Gender"":""male"",""Economy-Class"":""middle class"",""Education"":""Educated"",""CarryingBag"":""Daily/Office/Work Bag"",""Accessories"":{""Nothing"":true},""Footwear"":""Normal"",""Demeanour"":""Average"",""ClothingStyle"":""Average"",""ImageQuality"":""Bad"",""Emotion"":""Neutral"",""ClothingStyle2"":""Daily"",""BodyPose"":""Side""}"
images/Set2/8880_1.jpg,-1,"{}",1,0,"{""name"":""rect"",""x"":83,""y"":2,""width"":138,""height"":110}","{""Age"":""45-55"",""Weight"":""slightly-overweight"",""Gender"":""male"",""Economy-Class"":""middle class"",""Education"":""Educated"",""CarryingBag"":""None"",""Accessories"":{""Nothing"":true},""Footwear"":""Normal"",""Demeanour"":""Average"",""ClothingStyle"":""Average"",""ImageQuality"":""Average"",""Emotion"":""Neutral"",""ClothingStyle2"":""Daily"",""BodyPose"":""Front-Frontish""}"
images/Set2/17160_0 (2).jpg,-1,"{}",1,0,"{""name"":""rect"",""x"":76,""y"":7,""width"":141,""height"":121}","{""Age"":""45-55"",""Weight"":""over-weight"",""Gender"":""male"",""Economy-Class"":""middle class"",""Education"":""Uneducation"",""CarryingBag"":""None"",""Accessories"":{""Watch"":true,""Cap"":true},""Footwear"":""Normal"",""Demeanour"":""Unkept"",""ClothingStyle"":""Average"",""ImageQuality"":""Bad"",""Emotion"":""Neutral"",""ClothingStyle2"":""Daily"",""BodyPose"":""Side""}"
images/Set2/3960_2.jpg,-1,"{}",1,0,"{""name"":""rect"",""x"":590,""y"":5,""width"":320,""height"":325}","{""Age"":""25-35"",""Weight"":""normal-healthy"",""Gender"":""male"",""Economy-Class"":""upper class"",""Education"":""Educated"",""CarryingBag"":""Daily/Office/Work Bag"",""Accessories"":{""Nothing"":true},""Footwear"":""CantSee"",""Demeanour"":""Average"",""ClothingStyle"":""Average"",""ImageQuality"":""Average"",""Emotion"":""Neutral"",""ClothingStyle2"":""Daily"",""BodyPose"":""Back""}"
images/Set2/13590_7.jpg,-1,"{}",1,0,"{""name"":""rect"",""x"":113,""y"":46,""width"":156,""height"":159}","{""Age"":""25-35"",""Weight"":""slightly-overweight"",""Gender"":""female"",""Economy-Class"":""middle class"",""Education"":""Educated"",""CarryingBag"":""Daily/Office/Work Bag"",""Accessories"":{""Watch"":true},""Footwear"":""Normal"",""Demeanour"":""Average"",""ClothingStyle"":""Average"",""ImageQuality"":""Average"",""Emotion"":""Neutral"",""ClothingStyle2"":""Daily"",""BodyPose"":""Front-Frontish""}"
images/Set2/8010_10.jpg,-1,"{}",1,0,"{""name"":""rect"",""x"":58,""y"":5,""width"":95,""height"":89}","{""Age"":""45-55"",""Weight"":""normal-healthy"",""Gender"":""female"",""Economy-Class"":""upper class"",""Education"":""Educated"",""CarryingBag"":""Daily/Office/Work Bag"",""Accessories"":{""Sunglasses"":true},""Footwear"":""Fancy"",""Demeanour"":""Classy-Groomed"",""ClothingStyle"":""Classy-Fashionable"",""ImageQuality"":""Average"",""Emotion"":""Neutral"",""ClothingStyle2"":""Daily"",""BodyPose"":""Side""}"
images/Set2/17460_5 (2).jpg,-1,"{}",1,0,"{""name"":""rect"",""x"":71,""y"":6,""width"":118,""height"":76}","{""Age"":""25-35"",""Weight"":""normal-healthy"",""Gender"":""female"",""Economy-Class"":""middle class"",""Education"":""Educated"",""CarryingBag"":""None"",""Accessories"":{""Earings"":true},""Footwear"":""Normal"",""Demeanour"":""Average"",""ClothingStyle"":""Average"",""ImageQuality"":""Average"",""Emotion"":""Neutral"",""ClothingStyle2"":""Daily"",""BodyPose"":""Side""}"
images/Set2/5640_4.jpg,-1,"{}",1,0,"{""name"":""rect"",""x"":56,""y"":30,""width"":153,""height"":158}","{""Age"":""25-35"",""Weight"":""normal-healthy"",""Gender"":""female"",""Economy-Class"":""upper class"",""Education"":""Educated"",""CarryingBag"":""Grocery/Home/Plastic Bag"",""Accessories"":{""Earings"":true,""OtherJewellery"":true},""Footwear"":""Fancy"",""Demeanour"":""Classy-Groomed"",""ClothingStyle"":""Classy-Fashionable"",""ImageQuality"":""Average"",""Emotion"":""Happy"",""ClothingStyle2"":""Daily"",""BodyPose"":""Front-Frontish""}"
images/Set2/5910_0.jpg,-1,"{}",1,0,"{""name"":""rect"",""x"":45,""y"":1,""width"":159,""height"":165}","{""Age"":""15-25"",""Weight"":""normal-healthy"",""Gender"":""female"",""Economy-Class"":""middle class"",""Education"":""Highly Educated"",""CarryingBag"":""Daily/Office/Work Bag"",""Accessories"":{""OtherJewellery"":true,""Watch"":true},""Footwear"":""CantSee"",""Demeanour"":""Classy-Groomed"",""ClothingStyle"":""Classy-Fashionable"",""ImageQuality"":""Average"",""Emotion"":""Neutral"",""ClothingStyle2"":""Daily"",""BodyPose"":""Front-Frontish""}"
images/Set2/10170_8.jpg,-1,"{}",1,0,"{""name"":""rect"",""x"":59,""y"":1,""width"":89,""height"":70}","{""Age"":""25-35"",""Weight"":""normal-healthy"",""Gender"":""female"",""Economy-Class"":""middle class"",""Education"":""Educated"",""CarryingBag"":""Daily/Office/Work Bag"",""Accessories"":{""Earings"":true},""Footwear"":""CantSee"",""Demeanour"":""Average"",""ClothingStyle"":""Average"",""ImageQuality"":""Average"",""Emotion"":""Angry/Serious"",""ClothingStyle2"":""Daily"",""BodyPose"":""Front-Frontish""}"
images/Set2/34080_0.jpg,-1,"{}",1,0,"{""name"":""rect"",""x"":142,""y"":29,""width"":484,""height"":507}","{""Age"":""25-35"",""Weight"":""normal-healthy"",""Gender"":""male"",""Economy-Class"":""middle class"",""Education"":""Educated"",""CarryingBag"":""None"",""Accessories"":{""Nothing"":true},""Footwear"":""CantSee"",""Demeanour"":""Average"",""ClothingStyle"":""Average"",""ImageQuality"":""Average"",""Emotion"":""Neutral"",""ClothingStyle2"":""Daily"",""BodyPose"":""Side""}"
images/Set2/30030_9.jpg,-1,"{}",1,0,"{""name"":""rect"",""x"":26,""y"":2,""width"":83,""height"":82}","{""Age"":""45-55"",""Weight"":""over-weight"",""Gender"":""female"",""Economy-Class"":""middle class"",""Education"":""Educated"",""CarryingBag"":""Daily/Office/Work Bag"",""Accessories"":{""OtherJewellery"":true},""Footwear"":""CantSee"",""Demeanour"":""Average"",""ClothingStyle"":""Average"",""ImageQuality"":""Average"",""Emotion"":""Neutral"",""ClothingStyle2"":""Daily"",""BodyPose"":""Front-Frontish""}"
images/Set2/27750_2.jpg,-1,"{}",1,0,"{""name"":""rect"",""x"":772,""y"":3,""width"":487,""height"":658}","{""Age"":""35-45"",""Weight"":""slightly-overweight"",""Gender"":""female"",""Economy-Class"":""middle class"",""Education"":""Educated"",""CarryingBag"":""Daily/Office/Work Bag"",""Accessories"":{""Earings"":true,""OtherJewellery"":true},""Footwear"":""CantSee"",""Demeanour"":""Average"",""ClothingStyle"":""Average"",""ImageQuality"":""Good"",""Emotion"":""Happy"",""ClothingStyle2"":""Daily"",""BodyPose"":""Front-Frontish""}"
images/Set3/15030_0.jpg,-1,"{}",1,0,"{""name"":""rect"",""x"":40,""y"":1,""width"":40,""height"":37}","{""Age"":""25-35"",""Weight"":""normal-healthy"",""Gender"":""female"",""Economy-Class"":""middle class"",""Education"":""Educated"",""CarryingBag"":""Daily/Office/Work Bag"",""Accessories"":{""Nothing"":true},""Footwear"":""Normal"",""Demeanour"":""Average"",""ClothingStyle"":""Average"",""ImageQuality"":""Bad"",""Emotion"":""Neutral"",""ClothingStyle2"":""Daily"",""BodyPose"":""Front-Frontish""}"
images/Set3/8340_1.jpg,-1,"{}",1,0,"{""name"":""rect"",""x"":45,""y"":1,""width"":72,""height"":38}","{""Age"":""25-35"",""Weight"":""normal-healthy"",""Gender"":""female"",""Economy-Class"":""upper class"",""Education"":""Educated"",""CarryingBag"":""Daily/Office/Work Bag"",""Accessories"":{""Earings"":true,""Watch"":true},""Footwear"":""Fancy"",""Demeanour"":""Classy-Groomed"",""ClothingStyle"":""Classy-Fashionable"",""ImageQuality"":""Average"",""Emotion"":""Neutral"",""ClothingStyle2"":""Daily"",""BodyPose"":""Front-Frontish""}"
images/Set3/6000_3.jpg,-1,"{}",1,0,"{""name"":""rect"",""x"":183,""y"":1,""width"":100,""height"":82}","{""Age"":""35-45"",""Weight"":""over-weight"",""Gender"":""male"",""Economy-Class"":""middle class"",""Education"":""Educated"",""CarryingBag"":""Daily/Office/Work Bag"",""Accessories"":{""OtherJewellery"":true},""Footwear"":""Fancy"",""Demeanour"":""Average"",""ClothingStyle"":""Average"",""ImageQuality"":""Average"",""Emotion"":""Angry/Serious"",""ClothingStyle2"":""Daily"",""BodyPose"":""Front-Frontish""}"
images/Set3/60720_9.jpg,-1,"{}",1,0,"{""name"":""rect"",""x"":36,""y"":22,""width"":63,""height"":55}","{""Age"":""55+"",""Weight"":""normal-healthy"",""Gender"":""female"",""Economy-Class"":""middle class"",""Education"":""Educated"",""CarryingBag"":""Daily/Office/Work Bag"",""Accessories"":{""Earings"":true},""Footwear"":""Normal"",""Demeanour"":""Average"",""ClothingStyle"":""Average"",""ImageQuality"":""Average"",""Emotion"":""Neutral"",""ClothingStyle2"":""Daily"",""BodyPose"":""Front-Frontish""}"
images/Set3/15540_4.jpg,-1,"{}",1,0,"{""name"":""rect"",""x"":32,""y"":13,""width"":93,""height"":78}","{""Age"":""25-35"",""Weight"":""normal-healthy"",""Gender"":""female"",""Economy-Class"":""middle class"",""Education"":""Educated"",""CarryingBag"":""Daily/Office/Work Bag"",""Accessories"":{""Nothing"":true},""Footwear"":""CantSee"",""Demeanour"":""Average"",""ClothingStyle"":""Average"",""ImageQuality"":""Bad"",""Emotion"":""Neutral"",""ClothingStyle2"":""Daily"",""BodyPose"":""Front-Frontish""}"
images/Set3/5160_0 (2).jpg,-1,"{}",1,0,"{""name"":""rect"",""x"":30,""y"":1,""width"":109,""height"":82}","{""Age"":""25-35"",""Weight"":""normal-healthy"",""Gender"":""female"",""Economy-Class"":""upper class"",""Education"":""Educated"",""CarryingBag"":""Daily/Office/Work Bag"",""Accessories"":{""OtherJewellery"":true},""Footwear"":""Fancy"",""Demeanour"":""Classy-Groomed"",""ClothingStyle"":""Classy-Fashionable"",""ImageQuality"":""Average"",""Emotion"":""Neutral"",""ClothingStyle2"":""Formal/Business"",""BodyPose"":""Back""}"
images/Set4/1350_0 (2).jpg,-1,"{}",1,0,"{""name"":""rect"",""x"":40,""y"":29,""width"":68,""height"":71}","{""Age"":""25-35"",""Weight"":""normal-healthy"",""Gender"":""male"",""Economy-Class"":""upper class"",""Education"":""Educated"",""CarryingBag"":""None"",""Accessories"":{""Sunglasses"":true},""Footwear"":""Normal"",""Demeanour"":""Average"",""ClothingStyle"":""Average"",""ImageQuality"":""Bad"",""Emotion"":""Neutral"",""ClothingStyle2"":""Sports"",""BodyPose"":""Front-Frontish""}"
images/Set4/20850_0.jpg,-1,"{}",1,0,"{""name"":""rect"",""x"":707,""y"":3,""width"":327,""height"":367}","{""Age"":""15-25"",""Weight"":""normal-healthy"",""Gender"":""female"",""Economy-Class"":""upper class"",""Education"":""Educated"",""CarryingBag"":""None"",""Accessories"":{""OtherJewellery"":true},""Footwear"":""CantSee"",""Demeanour"":""Classy-Groomed"",""ClothingStyle"":""Classy-Fashionable"",""ImageQuality"":""Good"",""Emotion"":""Neutral"",""ClothingStyle2"":""Daily"",""BodyPose"":""Front-Frontish""}"
images/Set4/10800_7.jpg,-1,"{}",1,0,"{""name"":""rect"",""x"":41,""y"":20,""width"":53,""height"":58}","{""Age"":""35-45"",""Weight"":""normal-healthy"",""Gender"":""male"",""Economy-Class"":""middle class"",""Education"":""Educated"",""CarryingBag"":""None"",""Accessories"":{""Nothing"":true},""Footwear"":""Normal"",""Demeanour"":""Average"",""ClothingStyle"":""Average"",""ImageQuality"":""Bad"",""Emotion"":""Neutral"",""ClothingStyle2"":""Formal/Business"",""BodyPose"":""Front-Frontish""}"
images/Set4/20010_0.jpg,-1,"{}",1,0,"{""name"":""rect"",""x"":66,""y"":3,""width"":133,""height"":114}","{""Age"":""35-45"",""Weight"":""normal-healthy"",""Gender"":""male"",""Economy-Class"":""upper class"",""Education"":""Educated"",""CarryingBag"":""None"",""Accessories"":{""Watch"":true},""Footwear"":""Fancy"",""Demeanour"":""Classy-Groomed"",""ClothingStyle"":""Classy-Fashionable"",""ImageQuality"":""Average"",""Emotion"":""Neutral"",""ClothingStyle2"":""Sports"",""BodyPose"":""Side""}"